<?xml version="1.0" encoding="UTF-8" standalone="yes"?>
<addon id="repository.TPTV"
		name="   [B][COLOR=BF9D6E48]• TPTV[/COLOR] [COLOR=ghostwhite]'s Repository[/COLOR][/B]"
		version="0.1.1a"
		provider-name="[B][COLOR=BF9D6E48]_Steindenaer[/COLOR] [COLOR=ghostwhite]TPTV Founder[/COLOR][/B]">
	<extension point="xbmc.addon.repository"
		name="[B][COLOR=BF9D6E48]T[/COLOR][COLOR=white]ECH-[/COLOR][COLOR=BF9D6E48]P[/COLOR][COLOR=white]ORTAL[/COLOR] [COLOR=BF9D6E48]REPO[/COLOR][/B]">
		<dir minversion="14.0.0">
			<info compressed="false">https://github.com/Steindenaer/repository.TechPortal/raw/master/TPTV-addons.xml</info>
			<checksum>https://github.com/Steindenaer/repository.TechPortal/raw/master/TPTV-addons.xml.md5</checksum>
			<datadir zip="true">https://raw.github.com/Steindenaer/repository.TechPortal/master/zips/</datadir>
		</dir>
	</extension>
	<extension point="xbmc.addon.metadata">
		<summary lang="en">[COLOR BF9D6E48]TPTV[/COLOR]'s Add-on Repository</summary>
		<summary lang="nl">[COLOR BF9D6E48]TPTV[/COLOR]'s Addon Depot</summary>
		<description lang="en">This is my repository. I can and will do whatever I want with it. Some stuff in here can and will overwrite allready installed addons. If you do not want that, do not install this repo!</description>
		<description lang="nl">Dit is mijn depot. Ik kan hiermee doen en laten wat ik wil. Sommige dingen in dit depot kunnen en zullen reeds geinstalleerde addons overschrijven. Als je dat niet wil, installeer dit depot dan niet!</description>
		<disclaimer lang="en">[COLOR BF9D6E48]TPTV[/COLOR] did not make all the add-ons in this repository and is in no way responsible for their content.</disclaimer>
		<disclaimer lang="nl">[COLOR BF9D6E48]TPTV[/COLOR] heeft niet alle add-ons in dit depot gemaakt en is ook op geen enkele manier verantwoordelijk voor hun inhoud.</disclaimer>
		<platform>all</platform>
	</extension>
</addon>