<?xml version="1.0" encoding="UTF-8" standalone="yes"?>
<addon id="plugin.program.TPTV-Installer" 
name="[B][COLOR=BF9D6E48]TPTV[/COLOR][/B][COLOR=ghostwhite]-Installer[/COLOR]"
version="0.1.1d" 
provider-name="[B][COLOR=BF9D6E48]_Steindenaer[/COLOR][/B] [COLOR=ghostwhite]TPTV Founder[/COLOR]">
  <requires>
    <import addon="xbmc.python" version="2.1.0"/>
  </requires>
  <extension point="xbmc.python.pluginsource" library="default.py">
    <provides>executable</provides>
  </extension>
  <extension point="xbmc.service" library="startup.py" start="startup" />
  <extension point="xbmc.addon.metadata">
    <summary lang="en">TPTV-Installer</summary>
    <description lang="en">[B][COLOR=ghostwhite]Custom TPTV Builds! All builds are[/COLOR] [COLOR=green]FREE[/COLOR][COLOR=ghostwhite], if you payed for it you have been[/COLOR] [COLOR=red]SCAMMED[/COLOR][/B]</description>
    <platform>all</platform>
  </extension>
</addon>